MouseID,Group,Percent.loss
1,saline,15.51502809
2,saline,18.55905431
3,saline,19.05862537
4,saline,19.12912167
5,saline,15.4571143
6,saline,21.56908861
7,vaccine,9.279936972
8,vaccine,7.427249733
9,vaccine,4.892752962
10,vaccine,2.820261185
11,vaccine,9.176329453
12,vaccine,7.643090328
13,vaccine+Adj,4.530731934
14,vaccine+Adj,3.713039994
15,vaccine+Adj,-0.318888294
16,vaccine+Adj,1.002216739
17,vaccine+Adj,0.732480053
18,vaccine+Adj,3.771679249
