RatID,Week,Treat,CellDeath
1,1,1,261.7437523
2,1,1,254.988383
3,1,1,243.2406697
4,1,2,292.3345956
5,1,2,269.6028103
6,1,2,283.7865891
19,2,1,327.6699908
20,2,1,318.2349595
21,2,1,315.4665896
22,2,2,305.2038935
23,2,2,313.982162
24,2,2,338.7978825
31,3,1,226.3933982
32,3,1,224.4742297
33,3,1,210.0840493
34,3,2,229.6670999
35,3,2,235.0485843
36,3,2,231.0629584
43,4,1,284.6895028
44,4,1,283.2801608
45,4,1,301.702163
46,4,2,280.5845293
47,4,2,302.7026249
48,4,2,290.5152433
